S No,Tweets,Sentiments
1, Today in #Haiti - another mass funeral for protesters and activists murdered by the criminal government and allies. The C‚Ä¶,positive
2,canada has had these fuckers for years it ain‚Äôt new ,positive
3,Esse baile no Canad√° hoje √© ver√≠dico??? ü§îüá®üá¶,positive
4, Setting the record straight on restricted firearms ownership in Canada.  doesn‚Äôt want Canadians to know ANY‚Ä¶,positive
5, UCP are attempting an extraordinary abuse of power by firing the election commissioner in the middle of an investigation in‚Ä¶,positive
6, No hay explicaci√≥n a este salvaje incremento de pacientes derivados a cl√≠nicas de g√©nero en Canad√°  ni por qu√© el 75% s‚Ä¶,positive
7, In #Haiti - After the mass funeral of activists murdered by the criminal regime that was violently installed and maintain‚Ä¶,positive
8, UCP are attempting an extraordinary abuse of power by firing the election commissioner in the middle of an investigation in‚Ä¶,positive
9, Canada‚Äôs cannabis caper has markets in chaos ‚ÄúAlmost every segment of the market is incurring financial losses‚Äù! If the Fe‚Ä¶,positive
10,"   I‚Äôm team Canada, but thats a lack of sportsmanship imo. You have 4 or 5 p‚Ä¶ ",positive
11, Canadians have distorted view on the well-being of the country's children: poll  ,positive
12,"   Shenzhen, once considered one of the dirtiest industrial areas in China, is now‚Ä¶ ",positive
13, UCP denies political interference over firing of election commissioner | CBC News ,positive
14, Two prison guards tasked with watching Jeffrey Epstein on night he killed himself charged with falsifying records ‚Ä¶,positive
15, Manitoba to create program to fight sexual exploitation in northern communities ,positive
